,order qty,GSM,GRN,weight,output sheet,returned roll wt,wastage,paper GSM,moisture content
count,141.0,141.0,141.0,141.0,141.0,141.0,141.0,141.0,141.0
mean,3873.049645390071,225.46099290780143,225.04964539007094,869.1205673758865,2256.6524822695037,155.27659574468086,7.99290780141844,225.11347517730496,7.00482269503546
std,1155.9090073323318,17.381236899310398,3.115230422880355,199.95840550250526,449.85087982917184,20.485572059720027,4.3102808226390685,14.715439995645758,1.1315404183405902
min,2000.0,200.0,220.0,502.0,1520.0,121.0,1.0,200.0,5.07
25%,2900.0,210.0,222.0,703.0,1874.0,137.0,4.0,212.0,5.95
50%,3800.0,230.0,225.0,868.0,2279.0,155.0,8.0,225.0,6.99
75%,4700.0,240.0,228.0,1041.0,2657.0,173.0,12.0,238.0,7.99
max,5900.0,250.0,230.0,1198.0,2988.0,190.0,15.0,250.0,8.94
